Date,Open,High,Low,Close,Adj Close,Volume
01-04-2013,5697.350098,5754.600098,5534.700195,5553.25,5553.25,617000
08-04-2013,5550.5,5610.649902,5477.200195,5528.549805,5528.549805,637900
15-04-2013,5508.5,5794.350098,5500.299805,5783.100098,5783.100098,590100
22-04-2013,5789.850098,5924.600098,5789.799805,5871.450195,5871.450195,608200
29-04-2013,5877.600098,6019.450195,5867.799805,5944,5944,580300
06-05-2013,5944.899902,6105.299805,5928.450195,6094.75,6094.75,590300
13-05-2013,6098.200195,6199.950195,5970.049805,6187.299805,6187.299805,687000
20-05-2013,6198,6229.450195,5936.799805,5983.549805,5983.549805,747200
27-05-2013,5989.399902,6133.75,5975.549805,5985.950195,5985.950195,744400
03-06-2013,5997.350098,6011,5869.5,5881,5881,569300
10-06-2013,5907.899902,5931.649902,5683.100098,5808.399902,5808.399902,687800
17-06-2013,5820.399902,5863.399902,5616.850098,5667.649902,5667.649902,721000
24-06-2013,5638.049805,5852.950195,5566.25,5842.200195,5842.200195,1003600
01-07-2013,5834.100098,5904.350098,5760.399902,5867.899902,5867.899902,726500
08-07-2013,5833.149902,6019,5775.549805,6009,6009,603400
15-07-2013,5991.200195,6066.850098,5910.950195,6029.200195,6029.200195,794000
22-07-2013,6009.75,6093.350098,5869.5,5886.200195,5886.200195,805200
29-07-2013,5869.950195,5886,5649,5677.899902,5677.899902,1029700
05-08-2013,5682.399902,5721,5486.850098,5565.649902,5565.649902,863300
12-08-2013,5606.700195,5754.549805,5496.049805,5507.850098,5507.850098,890500
19-08-2013,5497.549805,5504.100098,5254.049805,5471.75,5471.75,1271800
26-08-2013,5499.399902,5528.700195,5118.850098,5471.799805,5471.799805,1546900
02-09-2013,5480.25,5688.600098,5318.899902,5680.399902,5680.399902,1229600
09-09-2013,5738.5,5932,5738.200195,5850.600098,5850.600098,1004000
16-09-2013,5930.299805,6142.5,5798.149902,6012.100098,6012.100098,1136800
23-09-2013,5945.799805,5989.399902,5811.100098,5833.200195,5833.200195,959800
30-09-2013,5801.049805,5950.450195,5700.950195,5907.299805,5907.299805,706200
07-10-2013,5889.049805,6107.600098,5825.850098,6096.200195,6096.200195,847300
14-10-2013,6093,6201.450195,6032.549805,6189.350098,6189.350098,841400
21-10-2013,6202,6252.450195,6116.600098,6144.899902,6144.899902,840600
28-10-2013,6155.100098,6332.600098,6079.200195,6307.200195,6307.200195,952400
04-11-2013,6282.149902,6304.75,6120.950195,6140.75,6140.75,657100
11-11-2013,6110.399902,6141.649902,5972.450195,6056.149902,6056.149902,617300
18-11-2013,6111.049805,6212.399902,5972.799805,5995.450195,5995.450195,753300
25-11-2013,6035.950195,6182.5,6030.299805,6176.100098,6176.100098,788800
02-12-2013,6171.149902,6300.549805,6149.899902,6259.899902,6259.899902,833600
09-12-2013,6415,6415.25,6161.399902,6168.399902,6168.399902,907100
16-12-2013,6168.350098,6284.5,6129.950195,6274.25,6274.25,1153000
23-12-2013,6267.200195,6324.899902,6259.450195,6313.799805,6313.799805,518000
30-12-2013,6336.399902,6358.299805,6171.25,6211.149902,6211.149902,501800
06-01-2014,6220.850098,6239.100098,6139.600098,6171.450195,6171.450195,713800
13-01-2014,6189.549805,6346.5,6189.549805,6261.649902,6261.649902,712200
20-01-2014,6261.75,6355.600098,6243.350098,6266.75,6266.75,681700
27-01-2014,6186.299805,6188.549805,6027.25,6089.5,6089.5,876000
03-02-2014,6058.799805,6079.950195,5933.299805,6063.200195,6063.200195,852200
10-02-2014,6072.799805,6106.600098,5984.600098,6048.350098,6048.350098,716000
17-02-2014,6071.299805,6160.350098,6066.799805,6155.450195,6155.450195,466500
24-02-2014,6140.950195,6282.700195,6130.799805,6276.950195,6276.950195,653500
03-03-2014,6264.350098,6537.799805,6212.25,6526.649902,6526.649902,937300
10-03-2014,6491.700195,6562.850098,6432.700195,6504.200195,6504.200195,1001300
17-03-2014,6532.450195,6574.950195,6473.25,6493.200195,6493.200195,683700
24-03-2014,6510.5,6702.600098,6510.5,6695.899902,6695.899902,1010300
31-03-2014,6723.149902,6776.75,6662.399902,6694.350098,6694.350098,924300
07-04-2014,6694.25,6819.049805,6650.399902,6776.299805,6776.299805,635500
14-04-2014,6792.700195,6813.399902,6665.149902,6779.399902,6779.399902,374500
21-04-2014,6789.25,6869.850098,6772.850098,6782.75,6782.75,563800
28-04-2014,6778.549805,6786.25,6656.799805,6694.799805,6694.799805,509100
05-05-2014,6681.649902,6871.350098,6638.549805,6858.799805,6858.799805,575400
12-05-2014,6863.399902,7563.5,6862.899902,7203,7203,1147100
19-05-2014,7276.850098,7381,7193.549805,7367.100098,7367.100098,1275100
26-05-2014,7428.75,7504,7118.450195,7229.950195,7229.950195,1170700
02-06-2014,7264.049805,7592.700195,7239.5,7583.399902,7583.399902,1108300
09-06-2014,7621.649902,7700.049805,7525.350098,7542.100098,7542.100098,929500
16-06-2014,7534.799805,7663,7487.549805,7511.450195,7511.450195,751500
23-06-2014,7514,7593.350098,7441.600098,7508.799805,7508.799805,677800
30-06-2014,7534.049805,7758,7531.600098,7751.600098,7751.600098,674900
07-07-2014,7780.399902,7808.850098,7447.200195,7459.600098,7459.600098,968800
14-07-2014,7469,7685,7422.149902,7663.899902,7663.899902,701500
21-07-2014,7701.649902,7840.950195,7674,7790.450195,7790.450195,619100
28-07-2014,7792.899902,7799.899902,7593.899902,7602.600098,7602.600098,684600
04-08-2014,7639.549805,7752.450195,7540.100098,7568.549805,7568.549805,616800
11-08-2014,7619.850098,7796.700195,7598.600098,7791.700195,7791.700195,509000
18-08-2014,7785.25,7929.049805,7779.200195,7913.200195,7913.200195,603900
25-08-2014,7931.75,7968.25,7862.450195,7954.350098,7954.350098,571000
01-09-2014,7990.350098,8141.899902,7984,8086.850098,8086.850098,692200
08-09-2014,8132.950195,8180.200195,8057.299805,8105.5,8105.5,566700
15-09-2014,8070.350098,8160.899902,7925.149902,8121.450195,8121.450195,626400
22-09-2014,8084.450195,8159.899902,7841.799805,7968.850098,7968.850098,808200
29-09-2014,7978.450195,8030.899902,7923.850098,7945.549805,7945.549805,351400
06-10-2014,7897.399902,7972.350098,7815.75,7859.950195,7859.950195,550800
13-10-2014,7831,7928,7723.850098,7779.700195,7779.700195,735400
20-10-2014,7896.950195,8031.75,7856.950195,8014.549805,8014.549805,510300
27-10-2014,8064.350098,8330.75,7985.649902,8322.200195,8322.200195,787100
03-11-2014,8348.150391,8365.549805,8290.25,8337,8337,456100
10-11-2014,8337.799805,8415.049805,8304.450195,8389.900391,8389.900391,652100
17-11-2014,8378.400391,8489.799805,8349.099609,8477.349609,8477.349609,633800
24-11-2014,8490.950195,8617,8429.450195,8588.25,8588.25,956000
01-12-2014,8605.099609,8626.950195,8504.650391,8538.299805,8538.299805,729400
08-12-2014,8538.650391,8546.349609,8216.299805,8224.099609,8224.099609,718800
15-12-2014,8160.75,8263.450195,7961.350098,8225.200195,8225.200195,887500
22-12-2014,8255,8364.75,8147.950195,8200.700195,8200.700195,568800
29-12-2014,8214.700195,8410.599609,8214.700195,8395.450195,8395.450195,346200
05-01-2015,8407.950195,8445.599609,8065.450195,8284.5,8284.5,746900
12-01-2015,8291.349609,8530.75,8236.650391,8513.799805,8513.799805,787000
19-01-2015,8550.049805,8866.400391,8531.5,8835.599609,8835.599609,836700
26-01-2015,8871.349609,8996.599609,8775.099609,8808.900391,8808.900391,900700
02-02-2015,8802.5,8840.799805,8645.549805,8661.049805,8661.049805,959000
09-02-2015,8584.400391,8822.099609,8470.5,8805.5,8805.5,885300
16-02-2015,8831.400391,8913.450195,8793.400391,8833.599609,8833.599609,694900
23-02-2015,8856.849609,8869,8669.450195,8844.599609,8844.599609,891600
02-03-2015,8953.849609,9119.200195,8849.349609,8937.75,8937.75,804400
09-03-2015,8891.150391,8891.299805,8631.75,8647.75,8647.75,845200
16-03-2015,8656.75,8788.200195,8553,8570.900391,8570.900391,834800
23-03-2015,8591.549805,8627.75,8269.150391,8341.400391,8341.400391,941500
30-03-2015,8390.950195,8603.400391,8380.75,8586.25,8586.25,427400
06-04-2015,8615.799805,8787.400391,8573.75,8780.349609,8780.349609,735500
13-04-2015,8801.75,8841.650391,8596.700195,8606,8606,414900
20-04-2015,8618.799805,8619.950195,8273.349609,8305.25,8305.25,1058100
27-04-2015,8330.549805,8334.450195,8144.75,8181.5,8181.5,774200
04-05-2015,8230.049805,8355.650391,7997.149902,8191.5,8191.5,841500
11-05-2015,8243.200195,8332.75,8089.799805,8262.349609,8262.349609,799800
18-05-2015,8284.950195,8489.549805,8271.950195,8458.950195,8458.950195,743700
25-05-2015,8438.150391,8443.900391,8270.150391,8433.650391,8433.650391,999800
01-06-2015,8417.25,8467.150391,8056.75,8114.700195,8114.700195,757200
08-06-2015,8124.350098,8163.049805,7940.299805,7982.899902,7982.899902,711500
15-06-2015,7986.600098,8250.799805,7944.850098,8224.950195,8224.950195,701400
22-06-2015,8259.299805,8423.150391,8257.400391,8381.099609,8381.099609,696300
29-06-2015,8247.049805,8497.75,8195.650391,8484.900391,8484.900391,622700
06-07-2015,8386.150391,8561.349609,8315.400391,8360.549805,8360.549805,697200
13-07-2015,8397.25,8642.950195,8355.400391,8609.849609,8609.849609,546000
20-07-2015,8623.900391,8654.75,8498.650391,8521.549805,8521.549805,651800
27-07-2015,8492.099609,8548.950195,8321.75,8532.849609,8532.849609,870700
03-08-2015,8510.650391,8606.299805,8448.25,8564.599609,8564.599609,755500
10-08-2015,8577,8621.549805,8337.950195,8518.549805,8518.549805,812900
17-08-2015,8530.5,8530.599609,8225.049805,8299.950195,8299.950195,843900
24-08-2015,8055.950195,8091.799805,7667.25,8001.950195,8001.950195,1328700
31-08-2015,8009.25,8043.600098,7626.850098,7655.049805,7655.049805,947800
07-09-2015,7685.850098,7864.850098,7539.5,7789.299805,7789.299805,818700
14-09-2015,7811.100098,8055,7761.850098,7981.899902,7981.899902,641100
21-09-2015,7911.5,8021.600098,7723.25,7868.5,7868.5,639400
28-09-2015,7892.799805,8008.25,7691.200195,7950.899902,7950.899902,744600
05-10-2015,8005.100098,8232.200195,8005.100098,8189.700195,8189.700195,926900
12-10-2015,8231.5,8246.400391,8088.600098,8238.150391,8238.150391,807500
19-10-2015,8262.549805,8328.099609,8217.150391,8295.450195,8295.450195,576400
26-10-2015,8333.650391,8336.299805,8044.399902,8065.799805,8065.799805,896500
02-11-2015,8054.549805,8116.100098,7926.149902,7954.299805,7954.299805,742300
09-11-2015,7788.25,7937.75,7730.899902,7762.25,7762.25,559600
16-11-2015,7732.950195,7906.950195,7714.149902,7856.549805,7856.549805,722600
23-11-2015,7869.5,7959.299805,7812.649902,7942.700195,7942.700195,627700
30-11-2015,7936.25,7979.299805,7775.700195,7781.899902,7781.899902,759400
07-12-2015,7816.549805,7825.399902,7575.299805,7610.450195,7610.450195,721300
14-12-2015,7558.200195,7852.899902,7551.049805,7761.950195,7761.950195,804800
21-12-2015,7745.649902,7888.75,7733.450195,7861.049805,7861.049805,463400
28-12-2015,7863.200195,7955.549805,7863,7946.350098,7946.350098,493600
04-01-2016,7924.549805,7937.549805,7556.600098,7601.350098,7601.350098,773300
11-01-2016,7527.450195,7605.100098,7425.799805,7437.799805,7437.799805,966400
18-01-2016,7420.350098,7470.899902,7241.5,7422.450195,7422.450195,1117400
25-01-2016,7468.75,7575.649902,7402.799805,7563.549805,7563.549805,924000
01-02-2016,7589.5,7600.450195,7350.299805,7489.100098,7489.100098,1095100
08-02-2016,7489.700195,7512.549805,6869,6980.950195,6980.950195,1256700
15-02-2016,7057.350098,7226.850098,6960.649902,7210.75,7210.75,1307000
22-02-2016,7208.850098,7252.399902,6961.399902,7029.75,7029.75,1038300
29-02-2016,7050.450195,7505.899902,6825.799805,7485.350098,7485.350098,1647300
07-03-2016,7486.399902,7547.100098,7424.299805,7510.200195,7510.200195,925500
14-03-2016,7542.600098,7613.600098,7405.149902,7604.350098,7604.350098,1033000
21-03-2016,7619.200195,7728.200195,7617.700195,7716.5,7716.5,605300
28-03-2016,7741,7777.600098,7582.25,7713.049805,7713.049805,1255800
04-04-2016,7733.149902,7764.450195,7526.700195,7555.200195,7555.200195,902700
11-04-2016,7577.799805,7864.799805,7516.850098,7850.450195,7850.450195,563600
18-04-2016,7908.149902,7978.450195,7842.75,7899.299805,7899.299805,796900
25-04-2016,7894.799805,7992,7788.700195,7849.799805,7849.799805,1091700
02-05-2016,7822.700195,7890.25,7678.350098,7733.450195,7733.450195,881200
09-05-2016,7755.25,7916.049805,7753.549805,7814.899902,7814.899902,868900
16-05-2016,7831.200195,7940.100098,7735.75,7749.700195,7749.700195,872400
23-05-2016,7813.950195,8164.200195,7715.799805,8156.649902,8156.649902,1020400
30-05-2016,8166.5,8262,8134.299805,8220.799805,8220.799805,1473500
06-06-2016,8228.75,8294.950195,8162.850098,8170.049805,8170.049805,944900
13-06-2016,8102.25,8213.200195,8063.899902,8170.200195,8170.200195,840800
20-06-2016,8115.75,8285.599609,7927.049805,8088.600098,8088.600098,893400
27-06-2016,8039.350098,8356.75,8039.350098,8328.349609,8328.349609,924800
04-07-2016,8376.75,8398.450195,8287.549805,8323.200195,8323.200195,586600
11-07-2016,8413.349609,8594.799805,8407.049805,8541.400391,8541.400391,904500
18-07-2016,8564.049805,8587.099609,8476.700195,8541.200195,8541.200195,785700
25-07-2016,8519.950195,8674.700195,8517.200195,8638.5,8638.5,879400
01-08-2016,8654.299805,8711.299805,8518.150391,8683.150391,8683.150391,843400
08-08-2016,8712.849609,8728.349609,8540.049805,8592.150391,8592.150391,735500
15-08-2016,8670.25,8696.599609,8600.450195,8666.900391,8666.900391,755100
22-08-2016,8667,8684.849609,8547.549805,8572.549805,8572.549805,850000
29-08-2016,8583.75,8824.099609,8543.75,8809.650391,8809.650391,1072500
05-09-2016,8852.700195,8968.700195,8848.450195,8866.700195,8866.700195,878800
12-09-2016,8732.950195,8847.650391,8688.900391,8779.849609,8779.849609,780000
19-09-2016,8788.450195,8893.349609,8757.299805,8831.549805,8831.549805,775700
26-09-2016,8807.900391,8809.549805,8555.200195,8611.150391,8611.150391,1035500
03-10-2016,8666.150391,8806.950195,8635,8697.599609,8697.599609,792800
10-10-2016,8735.349609,8745.799805,8541.349609,8583.400391,8583.400391,483500
17-10-2016,8612.950195,8727,8506.150391,8693.049805,8693.049805,904400
24-10-2016,8709.849609,8736.950195,8550.25,8638,8638,984500
31-10-2016,8653.150391,8669.599609,8400.25,8433.75,8433.75,715600
07-11-2016,8535.75,8598.450195,8002.25,8296.299805,8296.299805,1212800
14-11-2016,8284.849609,8288.549805,8048.299805,8074.100098,8074.100098,981200
21-11-2016,8102.100098,8122.25,7916.399902,8114.299805,8114.299805,1048400
28-11-2016,8080.649902,8250.799805,8066.5,8086.799805,8086.799805,956600
05-12-2016,8088.75,8274.950195,8056.850098,8261.75,8261.75,703800
12-12-2016,8230.650391,8230.650391,8121.950195,8139.450195,8139.450195,821500
19-12-2016,8126,8132.5,7942.049805,7985.75,7985.75,605800
26-12-2016,7965.100098,8197,7893.799805,8185.799805,8185.799805,658500
02-01-2017,8210.099609,8306.849609,8133.799805,8243.799805,8243.799805,676500
09-01-2017,8259.349609,8461.049805,8227.75,8400.349609,8400.349609,786400
16-01-2017,8390.950195,8460.299805,8340.950195,8349.349609,8349.349609,778400
23-01-2017,8329.599609,8672.700195,8327.200195,8641.25,8641.25,942100
30-01-2017,8635.549805,8757.599609,8537.5,8740.950195,8740.950195,1627900
06-02-2017,8785.450195,8822.099609,8715,8793.549805,8793.549805,1052800
13-02-2017,8819.799805,8896.450195,8712.849609,8821.700195,8821.700195,1092200
20-02-2017,8818.549805,8982.150391,8809.799805,8939.5,8939.5,967800
27-02-2017,8943.700195,8992.5,8860.099609,8897.549805,8897.549805,1110800
06-03-2017,8915.099609,8977.849609,8891.950195,8934.549805,8934.549805,850200
13-03-2017,9091.650391,9218.400391,9060.5,9160.049805,9160.049805,1006200
20-03-2017,9166.950195,9167.599609,9019.299805,9108,9108,1207600
27-03-2017,9093.450195,9191.700195,9024.650391,9173.75,9173.75,1143700
03-04-2017,9220.599609,9273.900391,9188.099609,9198.299805,9198.299805,700000
10-04-2017,9225.599609,9246.400391,9144.950195,9150.799805,9150.799805,664200
17-04-2017,9144.75,9217.900391,9075.150391,9119.400391,9119.400391,673400
24-04-2017,9135.349609,9367.150391,9130.549805,9304.049805,9304.049805,893700
01-05-2017,9339.849609,9377.099609,9269.900391,9285.299805,9285.299805,814700
08-05-2017,9311.450195,9450.650391,9297.950195,9400.900391,9400.900391,784700
15-05-2017,9433.549805,9532.599609,9390.75,9427.900391,9427.900391,958200
22-05-2017,9480.25,9604.900391,9341.650391,9595.099609,9595.099609,1141000
29-05-2017,9560.049805,9673.5,9547.700195,9653.5,9653.5,1181500
05-06-2017,9656.299805,9709.299805,9608.150391,9668.25,9668.25,748700
12-06-2017,9646.700195,9654.150391,9560.799805,9588.049805,9588.049805,837200
19-06-2017,9626.400391,9698.849609,9565.299805,9574.950195,9574.950195,819200
26-06-2017,9594.049805,9615.400391,9448.75,9520.900391,9520.900391,814600
03-07-2017,9587.950195,9700.700195,9543.549805,9665.799805,9665.799805,747800
10-07-2017,9719.299805,9913.299805,9646.450195,9886.349609,9886.349609,703600
17-07-2017,9908.150391,9928.200195,9792.049805,9915.25,9915.25,1006200
24-07-2017,9936.799805,10114.84961,9919.599609,10014.5,10014.5,1037100
31-07-2017,10034.7002,10137.84961,9988.349609,10066.40039,10066.40039,954800
07-08-2017,10074.79981,10088.09961,9685.549805,9710.799805,9710.799805,1031300
14-08-2017,9755.75,9947.799805,9752.099609,9837.400391,9837.400391,859000
21-08-2017,9864.25,9884.349609,9740.099609,9857.049805,9857.049805,742200
28-08-2017,9907.150391,9983.450195,9783.75,9974.400391,9974.400391,976200
04-09-2017,9984.150391,9988.400391,9861,9934.799805,9934.799805,789600
11-09-2017,9971.75,10131.9502,9968.799805,10085.40039,10085.40039,1062800
18-09-2017,10133.09961,10178.9502,9952.799805,9964.400391,9964.400391,961400
25-09-2017,9960.099609,9960.5,9687.549805,9788.599609,9788.599609,1193700
02-10-2017,9893.299805,9989.349609,9831.049805,9979.700195,9979.700195,662600
09-10-2017,9988.200195,10191.90039,9955.799805,10167.4502,10167.4502,913200
16-10-2017,10207.40039,10251.84961,10123.34961,10146.54981,10146.54981,683100
23-10-2017,10176.65039,10366.15039,10124.5,10323.04981,10323.04981,1771900
30-10-2017,10353.84961,10461.7002,10323.9502,10452.5,10452.5,1131200
06-11-2017,10431.75,10490.4502,10254.09961,10321.75,10321.75,1274600
13-11-2017,10322,10343.59961,10094,10283.59961,10283.59961,1108600
20-11-2017,10287.2002,10404.5,10261.5,10389.7002,10389.7002,773100
27-11-2017,10361.04981,10409.54981,10108.54981,10121.79981,10121.79981,976300
04-12-2017,10175.04981,10270.84961,10033.34961,10265.65039,10265.65039,836400
11-12-2017,10310.5,10373.09961,10141.54981,10333.25,10333.25,913500
18-12-2017,10263.09961,10501.09961,10074.79981,10493,10493,865400
25-12-2017,10512.29981,10552.40039,10460.4502,10530.7002,10530.7002,745700
01-01-2018,10477.54981,10566.09961,10404.65039,10558.84961,10558.84961,676500
08-01-2018,10591.7002,10690.40039,10588.54981,10681.25,10681.25,879400
15-01-2018,10718.5,10906.84961,10666.75,10894.7002,10894.7002,1159200
22-01-2018,10883.2002,11110.09961,10881.40039,11069.65039,11069.65039,1129900
29-01-2018,11079.34961,11171.54981,10736.09961,10760.59961,10760.59961,1304500
05-02-2018,10604.29981,10702.75,10276.29981,10454.9502,10454.9502,1180800
12-02-2018,10518.2002,10618.09961,10434.04981,10452.29981,10452.29981,841500
19-02-2018,10488.90039,10499.09961,10302.75,10491.04981,10491.04981,1133300
26-02-2018,10526.54981,10631.65039,10447.15039,10458.34961,10458.34961,821400
05-03-2018,10428.29981,10441.34961,10141.54981,10226.84961,10226.84961,1079300
12-03-2018,10301.59961,10478.59961,10180.25,10195.15039,10195.15039,1166900
19-03-2018,10215.34961,10227.29981,9951.900391,9998.049805,9998.049805,1134200
26-03-2018,9989.150391,10207.90039,9958.549805,10113.7002,10113.7002,832700
02-04-2018,10151.65039,10350.4502,10111.29981,10331.59961,10331.59961,1098800
09-04-2018,10333.7002,10519.90039,10328.5,10480.59961,10480.59961,1175400
16-04-2018,10398.29981,10594.2002,10396.34961,10564.04981,10564.04981,1113700
23-04-2018,10592.79981,10719.79981,10514.9502,10692.29981,10692.29981,937700
30-04-2018,10705.75,10784.65039,10601.59961,10618.25,10618.25,775200
07-05-2018,10653.15039,10812.04981,10635.65039,10806.5,10806.5,1048800
14-05-2018,10815.15039,10929.2002,10589.09961,10596.40039,10596.40039,1093900
21-05-2018,10616.7002,10628.04981,10417.79981,10605.15039,10605.15039,1091000
28-05-2018,10648.34961,10764.75,10558.4502,10696.2002,10696.2002,1528000
04-06-2018,10765.9502,10818,10550.90039,10767.65039,10767.65039,991700
11-06-2018,10781.84961,10893.25,10755.40039,10817.7002,10817.7002,1112800
18-06-2018,10830.2002,10837,10701.2002,10821.84961,10821.84961,1068000
25-06-2018,10822.90039,10831.04981,10557.7002,10714.29981,10714.29981,1290700
02-07-2018,10732.34961,10816.34961,10604.65039,10772.65039,10772.65039,891900
09-07-2018,10838.29981,11078.29981,10807.15039,11018.90039,11018.90039,851200
16-07-2018,11018.9502,11076.2002,10925.59961,11010.2002,11010.2002,1049300
23-07-2018,11019.84961,11283.40039,11010.9502,11278.34961,11278.34961,1320800
30-07-2018,11296.65039,11390.54981,11234.9502,11360.79981,11360.79981,1233300
06-08-2018,11401.5,11495.2002,11359.7002,11429.5,11429.5,942800
13-08-2018,11369.59961,11486.4502,11340.29981,11470.75,11470.75,1004800
20-08-2018,11502.09961,11620.7002,11499.65039,11557.09961,11557.09961,924100
27-08-2018,11605.84961,11760.2002,11595.59961,11680.5,11680.5,1353300
03-09-2018,11751.79981,11751.79981,11393.84961,11589.09961,11589.09961,1279100
10-09-2018,11570.25,11573,11250.2002,11515.2002,11515.2002,831500
17-09-2018,11464.9502,11464.9502,10866.4502,11143.09961,11143.09961,1411900
24-09-2018,11164.40039,11170.15039,10850.29981,10930.4502,10930.4502,1629300
01-10-2018,10930.90039,11035.65039,10261.90039,10316.4502,10316.4502,1805300
08-10-2018,10310.15039,10492.4502,10138.59961,10472.5,10472.5,1713700
15-10-2018,10524.2002,10710.15039,10249.59961,10303.54981,10303.54981,1167000
22-10-2018,10405.84961,10408.54981,10004.54981,10030,10030,1315600
29-10-2018,10078.09961,10606.9502,10020.34961,10553,10553,1798900
05-11-2018,10558.75,10619.54981,10477,10585.2002,10585.2002,629700
12-11-2018,10607.79981,10695.15039,10440.54981,10682.2002,10682.2002,1241600
19-11-2018,10731.25,10774.7002,10512,10526.75,10526.75,1107700
26-11-2018,10568.29981,10922.4502,10489.75,10876.75,10876.75,1569700
03-12-2018,10930.7002,10941.2002,10588.25,10693.7002,10693.7002,1688400
10-12-2018,10508.7002,10838.59961,10333.84961,10805.4502,10805.4502,1883600
17-12-2018,10853.2002,10985.15039,10738.65039,10754,10754,1591500
24-12-2018,10780.90039,10893.59961,10534.54981,10859.90039,10859.90039,1188700
31-12-2018,10913.2002,10923.54981,10628.65039,10727.34961,10727.34961,1073400
07-01-2019,10804.84961,10870.40039,10733.25,10794.9502,10794.9502,1395300
14-01-2019,10807,10930.65039,10692.34961,10906.9502,10906.9502,1481500
21-01-2019,10919.34961,10987.4502,10756.4502,10780.54981,10780.54981,1713000
28-01-2019,10792.4502,10983.4502,10583.65039,10893.65039,10893.65039,2273800
04-02-2019,10876.75,11118.09961,10814.15039,10943.59961,10943.59961,1501200
11-02-2019,10930.90039,10930.90039,10620.40039,10724.40039,10724.40039,2049200
18-02-2019,10738.65039,10808.84961,10585.65039,10791.65039,10791.65039,1602500
25-02-2019,10813.25,10939.7002,10729.29981,10863.5,10863.5,2134700
04-03-2019,10864.84961,11089.04981,10817,11035.40039,11035.40039,1393600
11-03-2019,11068.75,11487,11059.84961,11426.84961,11426.84961,1884700
18-03-2019,11473.84961,11572.79981,11412.5,11456.90039,11456.90039,1398900
25-03-2019,11395.65039,11630.34961,11311.59961,11623.90039,11623.90039,1871500
01-04-2019,11665.2002,11761,11559.2002,11665.9502,11665.9502,1747200
08-04-2019,11704.34961,11710.29981,11549.09961,11643.4502,11643.4502,1447100
15-04-2019,11667,11856.15039,11648.25,11752.79981,11752.79981,984000
22-04-2019,11727.04981,11796.75,11564.79981,11754.65039,11754.65039,1806000
29-04-2019,11748.75,11789.29981,11655.90039,11712.25,11712.25,1218400
06-05-2019,11605.79981,11657.04981,11251.04981,11278.90039,11278.90039,1769600
13-05-2019,11258.7002,11426.15039,11108.29981,11407.15039,11407.15039,1932700
20-05-2019,11651.90039,12041.15039,11591.7002,11844.09961,11844.09961,2132600
27-05-2019,11855.5,12039.25,11812.40039,11922.79981,11922.79981,2124900
03-06-2019,11953.75,12103.04981,11769.5,11870.65039,11870.65039,1322200
10-06-2019,11934.90039,12000.34961,11797.7002,11823.29981,11823.29981,1757400
17-06-2019,11844,11844.04981,11625.09961,11724.09961,11724.09961,2018300
24-06-2019,11725.79981,11911.15039,11651,11788.84961,11788.84961,1690100
01-07-2019,11839.90039,11981.75,11797.90039,11811.15039,11811.15039,1846400
08-07-2019,11770.40039,11771.90039,11461,11552.5,11552.5,1920800
15-07-2019,11614.75,11706.65039,11399.29981,11419.25,11419.25,2258100
22-07-2019,11392.84961,11398.15039,11210.04981,11284.29981,11284.29981,2464500
29-07-2019,11307.5,11310.9502,10848.9502,10997.34961,10997.34961,2546000
05-08-2019,10895.79981,11181.4502,10782.59961,11109.65039,11109.65039,2593600
12-08-2019,11139.40039,11145.90039,10901.59961,11047.79981,11047.79981,1607000
19-08-2019,11094.79981,11146.90039,10637.15039,10829.34961,10829.34961,2707400
26-08-2019,11000.29981,11141.75,10756.54981,11023.25,11023.25,3197800
02-09-2019,10960.9502,10967.5,10746.34961,10946.2002,10946.2002,2084700
09-09-2019,10936.7002,11084.4502,10889.79981,11075.90039,11075.90039,2275300
16-09-2019,10994.84961,11381.90039,10670.25,11274.2002,11274.2002,3435100
23-09-2019,11542.7002,11694.84961,11416.09961,11512.40039,11512.40039,3658100
30-09-2019,11491.15039,11554.2002,11158.34961,11174.75,11174.75,4008200
07-10-2019,11196.2002,11362.90039,11090.15039,11305.04981,11305.04981,2774100
14-10-2019,11335.90039,11684.7002,11290.04981,11661.84961,11661.84961,3299500
21-10-2019,11657.15039,11714.34961,11490.75,11583.90039,11583.90039,3044300
28-10-2019,11643.9502,11945,11627.34961,11890.59961,11890.59961,3947000
04-11-2019,11928.90039,12034.15039,11850.25,11908.15039,11908.15039,3410800
11-11-2019,11879.2002,11973.65039,11802.65039,11895.4502,11895.4502,2347700
18-11-2019,11915.15039,12038.59961,11867.59961,11914.40039,11914.40039,2819500
25-11-2019,11922.4502,12158.79981,11919.75,12056.04981,12056.04981,3744700
02-12-2019,12137.04981,12137.15039,11888.84961,11921.5,11921.5,3245300
09-12-2019,11939.09961,12098.84961,11832.29981,12086.7002,12086.7002,3597300
16-12-2019,12131.34961,12293.90039,12046.29981,12271.79981,12271.79981,2890000
23-12-2019,12235.4502,12287.15039,12118.84961,12245.79981,12245.79981,1979200
30-12-2019,12274.90039,12289.90039,12151.79981,12226.65039,12226.65039,1978600
06-01-2020,12170.59961,12311.2002,11929.59961,12256.79981,12256.79981,2428400
13-01-2020,12296.7002,12389.04981,12278.75,12352.34961,12352.34961,2699500
20-01-2020,12430.5,12430.5,12087.90039,12248.25,12248.25,1953400
27-01-2020,12197.09961,12216.59961,11945.84961,11962.09961,11962.09961,2743500
03-02-2020,11627.4502,12160.59961,11614.5,12098.34961,12098.34961,3026800
10-02-2020,12102.34961,12246.7002,11990.75,12113.4502,12113.4502,2540400
17-02-2020,12131.79981,12159.59961,11908.04981,12080.84961,12080.84961,1693100
24-02-2020,12012.54981,12012.54981,11175.04981,11201.75,11201.75,2937900
02-03-2020,11387.34961,11433,10827.40039,10989.4502,10989.4502,5338500
09-03-2020,10742.04981,10751.54981,8555.150391,9955.200195,9955.200195,5515500
16-03-2020,9587.799805,9602.200195,7832.549805,8745.450195,8745.450195,5347100
23-03-2020,7945.700195,9038.900391,7511.100098,8660.25,8660.25,3795900
30-03-2020,8385.950195,8678.299805,8055.799805,8083.799805,8083.799805,2509300
06-04-2020,8446.299805,9131.700195,8360.950195,9111.900391,9111.900391,2452800
13-04-2020,9103.950195,9324,8821.900391,9266.75,9266.75,2926700
20-04-2020,9390.200195,9390.849609,8909.400391,9154.400391,9154.400391,3442000
27-04-2020,9259.700195,9889.049805,9250.349609,9859.900391,9859.900391,2711500
04-05-2020,9533.5,9533.5,9116.5,9251.5,9251.5,3452700
11-05-2020,9348.150391,9584.5,9043.950195,9136.849609,9136.849609,3535000
18-05-2020,9158.299805,9178.549805,8806.75,9039.25,9039.25,3464800
25-05-2020,9099.75,9598.849609,8996.650391,9580.299805,9580.299805,3223400
01-06-2020,9726.849609,10177.79981,9706.950195,10142.15039,10142.15039,4121300
08-06-2020,10326.75,10328.5,9544.349609,9972.900391,9972.900391,3834900
15-06-2020,9919.349609,10272.40039,9726.349609,10244.40039,10244.40039,3816400
22-06-2020,10318.75,10553.15039,10194.5,10383,10383,3875500
29-06-2020,10311.9502,10631.29981,10223.59961,10607.34961,10607.34961,2826900
06-07-2020,10723.84961,10847.84961,10676.54981,10768.04981,10768.04981,3185300
13-07-2020,10851.84961,10933.4502,10562.90039,10901.7002,10901.7002,3173700
20-07-2020,10999.4502,11239.79981,10953,11194.15039,11194.15039,3391900
27-07-2020,11225,11341.40039,11026.65039,11073.4502,11073.4502,3193100
03-08-2020,11057.54981,11256.79981,10882.25,11214.04981,11214.04981,3027200
10-08-2020,11270.25,11373.59961,11111.4502,11178.40039,11178.40039,2895500
17-08-2020,11248.90039,11460.34961,11144.5,11371.59961,11371.59961,3299700
24-08-2020,11412,11686.04981,11410.65039,11647.59961,11647.59961,3441300
31-08-2020,11777.54981,11794.25,11303.65039,11333.84961,11333.84961,4037500
07-09-2020,11359.59961,11493.5,11185.15039,11464.4502,11464.4502,3095600
14-09-2020,11540.15039,11618.09961,11383.54981,11504.9502,11504.9502,2441000
21-09-2020,11503.79981,11535.25,10790.2002,11050.25,11050.25,3255700
28-09-2020,11140.84961,11428.59961,11099.84961,11416.9502,11416.9502,1918100
05-10-2020,11487.79981,11938.59961,11452.29981,11914.2002,11914.2002,2825300
12-10-2020,11973.54981,12025.4502,11661.29981,11762.4502,11762.4502,2714800
19-10-2020,11879.2002,12018.65039,11775.75,11930.34961,11930.34961,2665900
26-10-2020,11937.40039,11942.84961,11535.4502,11642.40039,11642.40039,2948800
02-11-2020,11697.34961,12280.40039,11557.40039,12263.54981,12263.54981,3119300
09-11-2020,12399.40039,12769.75,12367.34961,12719.9502,12719.9502,3417300
16-11-2020,12932.5,12963,12730.25,12859.04981,12859.04981,2871800
23-11-2020,12960.29981,13145.84961,12790.40039,12968.9502,12968.9502,3596200
30-11-2020,13062.2002,13280.04981,12962.79981,13258.54981,13258.54981,2655500
07-12-2020,13264.84961,13579.34961,13241.9502,13513.84961,13513.84961,2978600
14-12-2020,13571.4502,13773.25,13447.04981,13760.54981,13760.54981,2453600
21-12-2020,13741.90039,13777.5,13131.4502,13749.25,13749.25,2313600
28-12-2020,13815.15039,14049.84961,13811.54981,14018.5,14018.5,2034400
04-01-2021,14104.34961,14367.29981,13953.75,14347.25,14347.25,2792500
11-01-2021,14474.04981,14653.34961,14357.84961,14433.7002,14433.7002,3886300
18-01-2021,14453.29981,14753.54981,14222.79981,14371.90039,14371.90039,3412600
25-01-2021,14477.79981,14491.09961,13596.75,13634.59961,13634.59961,2670400
01-02-2021,13758.59961,15014.65039,13661.75,14924.25,14924.25,4475300
08-02-2021,15064.29981,15257.09961,14977.2002,15163.29981,15163.29981,3081200
15-02-2021,15270.29981,15431.75,14898.2002,14981.75,14981.75,3092100
22-02-2021,14999.04981,15176.5,14467.75,14529.15039,14529.15039,3665300
01-03-2021,14702.5,15273.15039,14638.54981,14938.09961,14938.09961,2848800
08-03-2021,15002.4502,15336.29981,14919.90039,15030.9502,15030.9502,1573100
15-03-2021,15048.40039,15051.59961,14350.09961,14744,14744,1929100
22-03-2021,14736.29981,14878.59961,14264.40039,14507.29981,14507.29981,2477400
29-03-2021,14628.5,14883.2002,14617.59961,14867.34961,14867.34961,1503400
05-04-2021,14837.7002,14984.15039,14459.5,14834.84961,14834.84961,2003900
12-04-2021,14644.65039,14697.7002,14248.7002,14617.84961,14617.84961,2400500
19-04-2021,14306.59961,14526.9502,14151.40039,14341.34961,14341.34961,2002400
26-04-2021,14449.4502,15044.34961,14421.29981,14631.09961,14631.09961,2492900
03-05-2021,14481.04981,14863.04981,14416.25,14823.15039,14823.15039,2364000
10-05-2021,14928.25,14966.90039,14591.90039,14677.79981,14677.79981,2433900
17-05-2021,14756.25,15190,14725.34961,15175.29981,15175.29981,2752600
24-05-2021,15211.34961,15469.65039,15145.4502,15435.65039,15435.65039,1873400
31-05-2021,15437.75,15733.59961,15374,15670.25,15670.25,2098600
07-06-2021,15725.09961,15835.54981,15566.90039,15799.34961,15799.34961,1891400
14-06-2021,15791.40039,15901.59961,15450.90039,15683.34961,15683.34961,2054800
21-06-2021,15525.84961,15895.75,15505.65039,15860.34961,15860.34961,1592500
28-06-2021,15915.34961,15915.65039,15635.9502,15722.2002,15722.2002,1357500
05-07-2021,15793.40039,15914.2002,15632.75,15689.79981,15689.79981,1478800
12-07-2021,15766.79981,15962.25,15644.75,15923.40039,15923.40039,1024200
19-07-2021,15754.5,15899.79981,15578.54981,15856.04981,15856.04981,1075800
26-07-2021,15849.29981,15893.34961,15513.4502,15763.04981,15763.04981,1698300
02-08-2021,15874.90039,16349.4502,15834.65039,16238.2002,16238.2002,1751700
09-08-2021,16281.34961,16543.59961,16162.54981,16529.09961,16529.09961,1408500
16-08-2021,16518.40039,16701.84961,16376.04981,16450.5,16450.5,1154000
23-08-2021,16592.25,16722.05078,16395.69922,16705.19922,16705.19922,1287800
30-08-2021,16775.84961,17340.09961,16764.84961,17323.59961,17323.59961,1553600
06-09-2021,17399.34961,17436.5,17254.19922,17369.25,17369.25,965600
13-09-2021,17363.55078,17792.94922,17269.15039,17585.15039,17585.15039,1871300
20-09-2021,17443.84961,17947.65039,17326.09961,17853.19922,17853.19922,1678500
27-09-2021,17932.19922,17943.5,17452.90039,17532.05078,17532.05078,1940300
04-10-2021,17615.55078,17941.84961,17581.34961,17895.19922,17895.19922,1862600
11-10-2021,17867.55078,18350.75,17839.09961,18338.55078,18338.55078,1776800
18-10-2021,18500.09961,18604.44922,18034.34961,18114.90039,18114.90039,1900000
25-10-2021,18229.5,18342.05078,17613.09961,17671.65039,17671.65039,1806000
01-11-2021,17783.15039,18012.25,17697.09961,17916.80078,17916.80078,957100
08-11-2021,18040.19922,18123,17798.19922,18102.75,18102.75,1351700
15-11-2021,18140.94922,18210.15039,17688.5,17764.80078,17764.80078,1121900
22-11-2021,17796.25,17805.25,16985.69922,17026.44922,17026.44922,1575500
29-11-2021,17055.80078,17489.80078,16782.40039,17196.69922,17196.69922,1714800
06-12-2021,17209.05078,17543.25,16891.69922,17511.30078,17511.30078,1185300
13-12-2021,17619.09961,17639.5,16966.44922,16985.19922,16985.19922,1316700
20-12-2021,16824.25,17155.59961,16410.19922,17003.75,17003.75,1159100
27-12-2021,16937.75,17400.80078,16833.19922,17354.05078,17354.05078,970300
03-01-2022,17387.15039,17944.69922,17383.30078,17812.69922,17812.69922,1175200
10-01-2022,17913.30078,18286.94922,17879.15039,18255.75,18255.75,1230800
17-01-2022,18235.65039,18350.94922,17485.84961,17617.15039,17617.15039,1306600
24-01-2022,17575.15039,17599.40039,16836.80078,17101.94922,17101.94922,1401200
31-01-2022,17301.05078,17794.59961,17244.55078,17516.30078,17516.30078,1467300
07-02-2022,17456.30078,17639.44922,17043.65039,17374.75,17374.75,1296600
14-02-2022,17076.15039,17490.59961,16809.65039,17276.30078,17276.30078,1270400
21-02-2022,17192.25,17351.05078,16203.25,16658.40039,16658.40039,1503300
28-02-2022,16481.59961,16815.90039,16133.79981,16245.34961,16245.34961,1820100
07-03-2022,15867.9502,16757.30078,15671.4502,16630.44922,16630.44922,2421300
14-03-2022,16633.69922,17344.59961,16555,17287.05078,17287.05078,1404600
21-03-2022,17329.5,17442.40039,17006.30078,17153,17153,1443300
28-03-2022,17181.84961,17703.69922,17003.90039,17670.44922,17670.44922,1566200
04-04-2022,17809.09961,18114.65039,17600.55078,17784.34961,17784.34961,1541000
11-04-2022,17740.90039,17779.05078,17442.34961,17475.65039,17475.65039,762800
18-04-2022,17183.44922,17414.69922,16824.69922,17171.94922,17171.94922,1611500
25-04-2022,17009.05078,17377.65039,16888.69922,17102.55078,17102.55078,1451000
02-05-2022,16924.44922,17132.84961,16340.90039,16411.25,16411.25,1155100
09-05-2022,16227.7002,16404.55078,15735.75,15782.15039,15782.15039,1539800
16-05-2022,15845.09961,16399.80078,15739.65039,16266.15039,16266.15039,1370000
23-05-2022,16290.9502,16414.69922,15903.7002,16352.4502,16352.4502,1375300
30-05-2022,16527.90039,16793.84961,16438.84961,16584.30078,16584.30078,1634100
06-06-2022,16530.69922,16610.94922,16172.59961,16201.79981,16201.79981,1105600
13-06-2022,15877.54981,15886.15039,15183.40039,15293.5,15293.5,1241200
20-06-2022,15334.5,15749.25,15191.09961,15699.25,15699.25,1222500
27-06-2022,15926.2002,15927.4502,15511.04981,15752.04981,15752.04981,1577800
04-07-2022,15710.5,16275.5,15661.79981,16220.59961,16220.59961,1392600
11-07-2022,16136.15039,16248.54981,15858.2002,16049.2002,16049.2002,1132200
18-07-2022,16151.40039,16752.25,16142.2002,16719.44922,16719.44922,1169200
25-07-2022,16662.55078,17172.80078,16438.75,17158.25,17158.25,1417200
01-08-2022,17243.19922,17490.69922,17154.80078,17397.5,17397.5,1680800
08-08-2022,17401.5,17724.65039,17359.75,17698.15039,17698.15039,1184800
15-08-2022,17797.19922,17992.19922,17710.75,17758.44922,17758.44922,822300
22-08-2022,17682.90039,17726.5,17345.19922,17558.90039,17558.90039,1332000
29-08-2022,17188.65039,17777.65039,17166.19922,17539.44922,17539.44922,1134400
05-09-2022,17546.44922,17925.94922,17484.30078,17833.34961,17833.34961,1385700
12-09-2022,17890.84961,18096.15039,17497.25,17530.84961,17530.84961,1612100
19-09-2022,17540.65039,17919.30078,17291.65039,17327.34961,17327.34961,1441800
26-09-2022,17156.30078,17196.40039,16747.69922,17094.34961,17094.34961,1891900
03-10-2022,17102.09961,17428.80078,16855.55078,17314.65039,17314.65039,986200
10-10-2022,17094.34961,17348.55078,16950.30078,17185.69922,17185.69922,1266000
17-10-2022,17144.80078,17670.15039,17098.55078,17576.30078,17576.30078,1189500
24-10-2022,17736.34961,17838.90039,17637,17786.80078,17786.80078,871000
31-10-2022,17910.19922,18178.75,17899.90039,18117.15039,18117.15039,1328900
07-11-2022,18211.75,18362.30078,17969.40039,18349.69922,18349.69922,1257000
14-11-2022,18376.40039,18442.15039,18209.80078,18307.65039,18307.65039,1170900
21-11-2022,18246.40039,18534.90039,18133.34961,18512.75,18512.75,980200
28-11-2022,18430.55078,18887.59961,18365.59961,18696.09961,18696.09961,1326800
05-12-2022,18719.55078,18728.59961,18410.09961,18496.59961,18496.59961,1125300
12-12-2022,18402.15039,18696.09961,18255.15039,18269,18269,1050300
19-12-2022,18288.09961,18473.34961,17779.5,17806.80078,17806.80078,928600
26-12-2022,17830.40039,18265.25,17774.25,18105.30078,18105.30078,1058000
02-01-2023,18131.69922,18251.94922,17795.55078,17859.44922,17859.44922,1208100
09-01-2023,17952.55078,18141.40039,17761.65039,17956.59961,17956.59961,1284900
16-01-2023,18033.15039,18183.75,17853.65039,18027.65039,18027.65039,1156100
23-01-2023,18118.44922,18201.25,17493.55078,17604.34961,17604.34961,1152900
30-01-2023,17541.94922,17972.19922,17353.40039,17854.05078,17854.05078,2257800
06-02-2023,17818.55078,17916.90039,17652.55078,17856.5,17856.5,1420800
13-02-2023,17859.09961,18134.75,17719.75,17944.19922,17944.19922,1143400
20-02-2023,17965.55078,18004.34961,17421.80078,17465.80078,17465.80078,1027000
27-02-2023,17428.59961,17644.75,17255.19922,17594.34961,17594.34961,1607100
06-03-2023,17680.34961,17799.94922,17324.34961,17412.90039,17412.90039,1128100
13-03-2023,17421.90039,17529.90039,16850.15039,17100.05078,17100.05078,1551600
20-03-2023,17066.59961,17207.25,16828.34961,16945.05078,16945.05078,935700
27-03-2023,16984.30078,17381.59961,16913.75,17359.75,17359.75,1067000
